App,Category,Rating,Reviews,Installs,Type,Content Rating
Messenger ? Text and Video Chat for Free,COMMUNICATION,4.0,56642847,"1,000,000,000+",Free,Everyone
WhatsApp Messenger,COMMUNICATION,4.4,69119316,"1,000,000,000+",Free,Everyone
Messenger for SMS,COMMUNICATION,4.3,125257,"10,000,000+",Free,Teen
Google Chrome: Fast & Secure,COMMUNICATION,4.3,9642995,"1,000,000,000+",Free,Everyone
Messenger Lite: Free Calls & Messages,COMMUNICATION,4.4,1429035,"100,000,000+",Free,Everyone
Gmail,COMMUNICATION,4.3,4604324,"1,000,000,000+",Free,Everyone
Hangouts,COMMUNICATION,4.0,3419249,"1,000,000,000+",Free,Everyone
Viber Messenger,COMMUNICATION,4.3,11334799,"500,000,000+",Free,Everyone
My Tele2,COMMUNICATION,4.3,158679,"5,000,000+",Free,Everyone
Firefox Browser fast & private,COMMUNICATION,4.4,3075028,"100,000,000+",Free,Everyone
Yahoo Mail ? Stay Organized,COMMUNICATION,4.3,4187998,"100,000,000+",Free,Everyone
imo beta free calls and text,COMMUNICATION,4.3,659395,"100,000,000+",Free,Everyone
imo free video calls and chat,COMMUNICATION,4.3,4785892,"500,000,000+",Free,Everyone
Contacts,COMMUNICATION,4.3,66602,"50,000,000+",Free,Everyone
Call Free ? Free Call,COMMUNICATION,4.3,30209,"5,000,000+",Free,Everyone
Web Browser & Explorer,COMMUNICATION,4.0,36901,"5,000,000+",Free,Everyone
Opera Mini - fast web browser,COMMUNICATION,4.5,5149854,"100,000,000+",Free,Everyone
Browser 4G,COMMUNICATION,4.3,192948,"10,000,000+",Free,Everyone
MegaFon Dashboard,COMMUNICATION,3.7,99559,"10,000,000+",Free,Everyone
ZenUI Dialer & Contacts,COMMUNICATION,4.5,437674,"10,000,000+",Free,Everyone
Cricket Visual Voicemail,COMMUNICATION,3.9,13698,"10,000,000+",Free,Everyone
Opera Browser: Fast and Secure,COMMUNICATION,4.4,2473509,"100,000,000+",Free,Everyone
TracFone My Account,COMMUNICATION,3.6,20769,"1,000,000+",Free,Everyone
Firefox Focus: The privacy browser,COMMUNICATION,4.4,36880,"1,000,000+",Free,Everyone
Google Voice,COMMUNICATION,4.2,171031,"10,000,000+",Free,Everyone
Chrome Dev,COMMUNICATION,4.4,63543,"5,000,000+",Free,Everyone
Xperia Link?,COMMUNICATION,4.1,45487,"10,000,000+",Free,Everyone
TouchPal Keyboard - Fun Emoji & Android Keyboard,COMMUNICATION,4.4,615381,"10,000,000+",Free,Mature 17+
Who,COMMUNICATION,4.3,2451083,"100,000,000+",Free,Teen
Skype Lite - Free Video Call & Chat,COMMUNICATION,4.2,33053,"5,000,000+",Free,Everyone
WeChat,COMMUNICATION,4.2,5387333,"100,000,000+",Free,Everyone
UC Browser Mini -Tiny Fast Private & Secure,COMMUNICATION,4.4,3648120,"100,000,000+",Free,Teen
WhatsApp Business,COMMUNICATION,4.4,136662,"10,000,000+",Free,Everyone
My magenta,COMMUNICATION,3.9,42370,"1,000,000+",Free,Everyone
Android Messages,COMMUNICATION,4.2,781810,"100,000,000+",Free,Everyone
Telegram,COMMUNICATION,4.4,3128250,"100,000,000+",Free,Mature 17+
Google Duo - High Quality Video Calls,COMMUNICATION,4.6,2083237,"500,000,000+",Free,Everyone
Puffin Web Browser,COMMUNICATION,4.3,541389,"10,000,000+",Free,Everyone
Seznam.cz,COMMUNICATION,4.3,46702,"1,000,000+",Free,Everyone
Antillean Gold Telegram (original version),COMMUNICATION,4.4,2939,"100,000+",Free,Everyone
AT&T Visual Voicemail,COMMUNICATION,3.7,13761,"10,000,000+",Free,Everyone
GMX Mail,COMMUNICATION,4.3,258556,"10,000,000+",Free,Everyone
Omlet Chat,COMMUNICATION,3.9,40751,"10,000,000+",Free,Teen
UC Browser - Fast Download Private & Secure,COMMUNICATION,4.5,17712922,"500,000,000+",Free,Teen
My Vodacom SA,COMMUNICATION,3.7,25021,"5,000,000+",Free,Everyone
Microsoft Edge,COMMUNICATION,4.3,27187,"5,000,000+",Free,Everyone
Hangouts Dialer - Call Phones,COMMUNICATION,4.0,122498,"10,000,000+",Free,Everyone
"Talkatone: Free Texts, Calls & Phone Number",COMMUNICATION,4.1,132014,"10,000,000+",Free,Everyone
Calls & Text by Mo+,COMMUNICATION,4.2,83239,"5,000,000+",Free,Everyone
free video calls and chat,COMMUNICATION,4.2,594728,"50,000,000+",Free,Everyone
Skype - free IM & video calls,COMMUNICATION,4.1,10484169,"1,000,000,000+",Free,Everyone
"GO SMS Pro - Messenger, Free Themes, Emoji",COMMUNICATION,4.4,2876500,"100,000,000+",Free,Everyone
"Messaging+ SMS, MMS Free",COMMUNICATION,4.1,28238,"1,000,000+",Free,Everyone
chomp SMS,COMMUNICATION,4.3,335646,"10,000,000+",Free,Everyone
Glide - Video Chat Messenger,COMMUNICATION,4.3,350154,"10,000,000+",Free,Everyone
Text SMS,COMMUNICATION,4.5,349384,"10,000,000+",Free,Everyone
Google Allo,COMMUNICATION,4.3,346982,"10,000,000+",Free,Everyone
Talkray - Free Calls & Texts,COMMUNICATION,4.2,244863,"10,000,000+",Free,Everyone
LINE: Free Calls & Messages,COMMUNICATION,4.2,10790289,"500,000,000+",Free,Everyone
GroupMe,COMMUNICATION,4.5,330761,"10,000,000+",Free,Everyone
mysms SMS Text Messaging Sync,COMMUNICATION,4.3,37320,"1,000,000+",Free,Everyone
BBM - Free Calls & Messages,COMMUNICATION,4.3,12842860,"100,000,000+",Free,Everyone
KakaoTalk: Free Calls & Text,COMMUNICATION,4.3,2546527,"100,000,000+",Free,Everyone
2ndLine - Second Phone Number,COMMUNICATION,4.2,15880,"1,000,000+",Free,Everyone
"CM Browser - Ad Blocker , Fast Download , Privacy",COMMUNICATION,4.6,2264916,"50,000,000+",Free,Everyone
Ninesky Browser,COMMUNICATION,4.2,42925,"1,000,000+",Free,Everyone
"Dolphin Browser - Fast, Private & Adblock??",COMMUNICATION,4.5,2511130,"50,000,000+",Free,Everyone
Ghostery Privacy Browser,COMMUNICATION,4.1,13100,"1,000,000+",Free,Everyone
InBrowser - Incognito Browsing,COMMUNICATION,4.2,27156,"1,000,000+",Free,Everyone
Web Browser for Android,COMMUNICATION,4.1,55098,"1,000,000+",Free,Everyone
DU Browser?Browse fast & fun,COMMUNICATION,4.3,1133501,"10,000,000+",Free,Everyone
Lightning Web Browser,COMMUNICATION,4.1,12578,"500,000+",Free,Everyone
Web Browser,COMMUNICATION,4.2,10965,"500,000+",Free,Everyone
Puffin Browser Pro,COMMUNICATION,4.0,18247,"100,000+",Paid,Everyone
Contacts+,COMMUNICATION,4.2,190613,"10,000,000+",Free,Everyone
ExDialer - Dialer & Contacts,COMMUNICATION,4.2,125232,"10,000,000+",Free,Everyone
PHONE for Google Voice & GTalk,COMMUNICATION,4.3,72065,"1,000,000+",Free,Everyone
Safest Call Blocker,COMMUNICATION,4.4,27540,"1,000,000+",Free,Everyone
Full Screen Caller ID,COMMUNICATION,4.2,104990,"5,000,000+",Free,Everyone
Hiya - Caller ID & Block,COMMUNICATION,4.4,177703,"10,000,000+",Free,Mature 17+
Call Blocker,COMMUNICATION,4.1,17529,"1,000,000+",Free,Everyone
Mr. Number-Block calls & spam,COMMUNICATION,4.2,177263,"10,000,000+",Free,Mature 17+
Should I Answer?,COMMUNICATION,4.8,237468,"1,000,000+",Free,Everyone
RocketDial Dialer & Contacts,COMMUNICATION,4.4,32254,"1,000,000+",Free,Everyone
"CallApp: Caller ID, Blocker & Phone Call Recorder",COMMUNICATION,4.4,483565,"10,000,000+",Free,Everyone
Whoscall - Caller ID & Block,COMMUNICATION,4.4,552441,"10,000,000+",Free,Everyone
CIA - Caller ID & Call Blocker,COMMUNICATION,4.0,60308,"5,000,000+",Free,Everyone
Calls Blacklist - Call Blocker,COMMUNICATION,4.5,457283,"10,000,000+",Free,Everyone
Call Control - Call Blocker,COMMUNICATION,4.4,93825,"5,000,000+",Free,Everyone
True Contact - Real Caller ID,COMMUNICATION,4.1,32283,"1,000,000+",Free,Everyone
Video Caller Id,COMMUNICATION,4.2,15287,"1,000,000+",Free,Everyone
Sync.ME ? Caller ID & Block,COMMUNICATION,4.5,205739,"5,000,000+",Free,Everyone
Burner - Free Phone Number,COMMUNICATION,4.3,14873,"1,000,000+",Free,Everyone
"Truecaller: Caller ID, SMS spam blocking & Dialer",COMMUNICATION,4.5,7820209,"100,000,000+",Free,Everyone
Caller ID +,COMMUNICATION,4.0,9498,"1,000,000+",Free,Everyone
K-9 Mail,COMMUNICATION,4.2,88427,"5,000,000+",Free,Everyone
"myMail ? Email for Hotmail, Gmail and Outlook Mail",COMMUNICATION,4.5,305218,"10,000,000+",Free,Everyone
Email TypeApp - Mail App,COMMUNICATION,4.6,183374,"1,000,000+",Free,Everyone
All Email Providers,COMMUNICATION,4.1,20901,"1,000,000+",Free,Everyone
"Newton Mail - Email App for Gmail, Outlook, IMAP",COMMUNICATION,4.0,122595,"1,000,000+",Free,Everyone
GO Notifier,COMMUNICATION,4.2,124346,"10,000,000+",Free,Everyone
Mail.Ru - Email App,COMMUNICATION,4.6,837842,"50,000,000+",Free,Everyone
Mail1Click - Secure Mail,COMMUNICATION,4.1,255,"10,000+",Free,Everyone
Daum Mail - Next Mail,COMMUNICATION,4.3,41420,"5,000,000+",Free,Everyone
mail.com mail,COMMUNICATION,4.2,44706,"1,000,000+",Free,Everyone
SolMail - All-in-One email app,COMMUNICATION,4.3,23707,"500,000+",Free,Everyone
Vonage Mobile? Call Video Text,COMMUNICATION,4.1,29208,"1,000,000+",Free,Everyone
JusTalk - Free Video Calls and Fun Video Chat,COMMUNICATION,4.6,191032,"5,000,000+",Free,Everyone
Facebook,SOCIAL,4.1,78158306,"1,000,000,000+",Free,Teen
Instagram,SOCIAL,4.5,66577313,"1,000,000,000+",Free,Teen
Facebook Lite,SOCIAL,4.3,8606259,"500,000,000+",Free,Teen
"Messages, Text and Video Chat for Messenger",SOCIAL,4.4,49173,"10,000,000+",Free,Everyone
Tumblr,SOCIAL,4.4,2955326,"100,000,000+",Free,Mature 17+
All Social Networks,SOCIAL,4.2,22492,"1,000,000+",Free,Everyone
Snapchat,SOCIAL,4.0,17014787,"500,000,000+",Free,Teen
Social network all in one 2018,SOCIAL,4.3,1403,"100,000+",Free,Everyone
Pinterest,SOCIAL,4.6,4305441,"100,000,000+",Free,Teen
TextNow - free text + calls,SOCIAL,4.4,441189,"10,000,000+",Free,Everyone
Google+,SOCIAL,4.2,4831125,"1,000,000,000+",Free,Teen
The Messenger App,SOCIAL,4.4,4919,"1,000,000+",Free,Everyone
Messenger Pro,SOCIAL,4.4,13762,"1,000,000+",Free,Everyone
"Free Messages, Video, Chat,Text for Messenger Plus",SOCIAL,4.3,6086,"1,000,000+",Free,Teen
Telegram X,SOCIAL,4.6,70616,"5,000,000+",Free,Teen
The Video Messenger App,SOCIAL,4.4,1200,"100,000+",Free,Everyone
Jodel - The Hyperlocal App,SOCIAL,4.5,76480,"1,000,000+",Free,Mature 17+
Who Viewed My Facebook Profile - Stalkers Visitors,SOCIAL,4.6,271445,"5,000,000+",Free,Everyone
"Hide Something - Photo, Video",SOCIAL,4.6,225103,"5,000,000+",Free,Everyone
Love Sticker,SOCIAL,4.6,33177,"1,000,000+",Free,Everyone
Web Browser & Fast Explorer,SOCIAL,4.4,54768,"5,000,000+",Free,Everyone
"LiveMe - Video chat, new friends, and make money",SOCIAL,4.5,457197,"10,000,000+",Free,Teen
VidStatus app - Status Videos & Status Downloader,SOCIAL,4.5,25562,"5,000,000+",Free,Teen
Love Images,SOCIAL,4.3,16404,"1,000,000+",Free,Everyone
Web Browser ( Fast & Secure Web Explorer),SOCIAL,4.4,2508,"500,000+",Free,Everyone
SPARK - Live random video chat & meet new people,SOCIAL,4.6,79658,"5,000,000+",Free,Mature 17+
Golden telegram,SOCIAL,4.3,374,"50,000+",Free,Everyone
Amino: Communities and Chats,SOCIAL,4.8,1259075,"10,000,000+",Free,Teen
Facebook Local,SOCIAL,4.2,4751,"1,000,000+",Free,Teen
Meet ? Talk to Strangers Using Random Video Chat,SOCIAL,4.6,60562,"5,000,000+",Free,Mature 17+
MobilePatrol Public Safety App,SOCIAL,4.0,22695,"1,000,000+",Free,Everyone 10+
"?? WhatsLov: Smileys of love, stickers and GIF",SOCIAL,4.6,22098,"1,000,000+",Free,Everyone
Phone Tracker : Family Locator,SOCIAL,4.3,231325,"10,000,000+",Free,Everyone
HTC Social Plugin - Facebook,SOCIAL,3.6,13223,"10,000,000+",Free,Mature 17+
Periscope - Live Video,SOCIAL,4.0,479908,"10,000,000+",Free,Mature 17+
Quora,SOCIAL,4.5,313633,"10,000,000+",Free,Teen
Kate Mobile for VK,SOCIAL,4.4,540930,"10,000,000+",Free,Teen
Family GPS tracker KidControl + GPS by SMS Locator,SOCIAL,4.5,57146,"1,000,000+",Free,Everyone
LinkedIn,SOCIAL,4.2,1225339,"100,000,000+",Free,Everyone
Moment,SOCIAL,4.5,19583,"1,000,000+",Free,Teen
"Text Me: Text Free, Call Free, Second Phone Number",SOCIAL,4.3,344921,"10,000,000+",Free,Everyone
Meetup,SOCIAL,4.2,79129,"5,000,000+",Free,Teen
Text Free: WiFi Calling App,SOCIAL,4.2,83488,"5,000,000+",Free,Everyone
Badoo - Free Chat & Dating App,SOCIAL,4.3,3781770,"100,000,000+",Free,Mature 17+
Text free - Free Text + Call,SOCIAL,4.3,315441,"10,000,000+",Free,Everyone
textPlus: Free Text & Calls,SOCIAL,4.1,382120,"10,000,000+",Free,Everyone
"Free phone calls, free texting SMS on free number",SOCIAL,4.5,412725,"10,000,000+",Free,Everyone
Tango - Live Video Broadcast,SOCIAL,4.3,3806669,"100,000,000+",Free,Mature 17+
MeetMe: Chat & Meet New People,SOCIAL,4.2,1259849,"50,000,000+",Free,Mature 17+
"Tagged - Meet, Chat & Dating",SOCIAL,4.1,486824,"10,000,000+",Free,Mature 17+
"ooVoo Video Calls, Messaging & Stories",SOCIAL,4.3,1157004,"50,000,000+",Free,Everyone
"SayHi Chat, Meet New People",SOCIAL,4.2,423105,"10,000,000+",Free,Mature 17+
Whisper,SOCIAL,4.1,205803,"5,000,000+",Free,Teen
"Tapatalk - 100,000+ Forums",SOCIAL,4.1,285816,"10,000,000+",Free,Mature 17+
Blogger,SOCIAL,3.7,138026,"5,000,000+",Free,Mature 17+
Bloglovin',SOCIAL,3.9,8936,"500,000+",Free,Everyone
Blogaway for Android (Blogger),SOCIAL,3.7,4253,"100,000+",Free,Teen
TwitCasting Live,SOCIAL,3.6,14835,"1,000,000+",Free,Teen
Stream - Live Video Community,SOCIAL,4.1,6388,"500,000+",Free,Teen
YouNow: Live Stream Video Chat,SOCIAL,4.1,309872,"10,000,000+",Free,Teen
Mirrativ: Live Stream Any App,SOCIAL,4.1,17955,"500,000+",Free,Teen
Nextdoor - Local neighborhood news & classifieds,SOCIAL,4.3,51502,"5,000,000+",Free,Teen
"SKOUT - Meet, Chat, Go Live",SOCIAL,4.3,1064049,"50,000,000+",Free,Mature 17+
Banjo,SOCIAL,4.2,58341,"1,000,000+",Free,Everyone
We Heart It,SOCIAL,4.5,637309,"10,000,000+",Free,Teen
Timehop,SOCIAL,4.1,161610,"5,000,000+",Free,Teen
Frontback - Social Photos,SOCIAL,3.8,19446,"1,000,000+",Free,Mature 17+
Path,SOCIAL,4.4,1520959,"10,000,000+",Free,Teen
Couple - Relationship App,SOCIAL,4.0,33249,"1,000,000+",Free,Everyone
POF Free Dating App,SOCIAL,4.2,1175794,"50,000,000+",Free,Mature 17+
LOVOO,SOCIAL,4.0,852455,"10,000,000+",Free,Mature 17+
"Jaumo Dating, Flirt & Live Video",SOCIAL,4.4,900064,"10,000,000+",Free,Mature 17+
Patook - make platonic friends,SOCIAL,4.0,3677,"100,000+",Free,Mature 17+
Zello PTT Walkie Talkie,SOCIAL,4.4,695613,"50,000,000+",Free,Everyone
magicApp Calling & Messaging,SOCIAL,4.1,207712,"10,000,000+",Free,Everyone
"Dating App, Flirt & Chat : W-Match",SOCIAL,4.3,175722,"10,000,000+",Free,Mature 17+
uCiC- Videos and Photos on demand,SOCIAL,4.0,2052,"100,000+",Free,Teen
"Mico- Stranger Chat Random video Chat, Live, Meet",SOCIAL,4.4,624557,"10,000,000+",Free,Mature 17+
"Waplog - Free Chat, Dating App, Meet Singles",SOCIAL,4.2,522018,"10,000,000+",Free,Mature 17+
Azar,COMMUNICATION,4.2,1092337,"50,000,000+",Free,Mature 17+
LokLok: Draw on a Lock Screen,COMMUNICATION,4.1,14766,"500,000+",Free,Teen
Tik Tok - including musical.ly,SOCIAL,4.4,5637451,"100,000,000+",Free,Teen
B-Messenger Video Chat,SOCIAL,4.1,12495,"1,000,000+",Free,Mature 17+
BIGO LIVE - Live Stream,SOCIAL,4.4,2349421,"100,000,000+",Free,Teen
Discord - Chat for Gamers,COMMUNICATION,4.5,305347,"10,000,000+",Free,Teen
Greeting Cards & Wishes,SOCIAL,4.5,17350,"500,000+",Free,Everyone
Share G - Images Sharing - Wallpapers App,SOCIAL,4.4,120,"10,000+",Free,Teen
Deaf - Hearing chat device H,COMMUNICATION,4.4,9,500+,Paid,Everyone
AntennaPict ?,COMMUNICATION,4.3,15439,"1,000,000+",Free,Everyone
H letter images,SOCIAL,NaN,17,"1,000+",Free,Teen
Instachat ??,SOCIAL,4.0,80987,"5,000,000+",Free,Teen
"Fame Boom for Real Followers, Likes",SOCIAL,4.7,896118,"5,000,000+",Free,Everyone
FollowMeter for Instagram,SOCIAL,4.4,90082,"1,000,000+",Free,Everyone
Mali J,SOCIAL,3.2,185,"10,000+",Free,Teen
J Alvarej Moji,COMMUNICATION,NaN,2,10+,Paid,Everyone
Kik,COMMUNICATION,4.3,2451136,"100,000,000+",Free,Teen
K-@ Mail Pro - Email App,COMMUNICATION,4.2,1603,"10,000+",Paid,Everyone
K-@ Mail - Email App,COMMUNICATION,4.1,1760,"100,000+",Free,Everyone
KDRAMA Amino for K-Drama Fans,SOCIAL,4.6,4046,"100,000+",Free,Teen
KPOP Amino for K-Pop Entertainment,SOCIAL,4.8,19047,"100,000+",Free,Teen
K-9 Material (unofficial),COMMUNICATION,4.4,64,"5,000+",Free,Teen
EXO-L Amino for EXO Fans,SOCIAL,4.9,5677,"50,000+",Free,Teen
M star Dialer,COMMUNICATION,3.5,400,"100,000+",Free,Everyone
Free WiFi Connect,COMMUNICATION,3.9,167229,"10,000,000+",Free,Everyone
m:go BiH,COMMUNICATION,3.2,559,"10,000+",Free,Everyone
N-Com Wizard,COMMUNICATION,3.3,960,"50,000+",Free,Everyone
Opera Mini browser beta,COMMUNICATION,4.4,401530,"10,000,000+",Free,Everyone
Verdad o Reto,SOCIAL,3.8,826,"500,000+",Free,Teen
Psiphon Pro - The Internet Freedom VPN,COMMUNICATION,4.3,298041,"10,000,000+",Free,Everyone
pixiv,SOCIAL,4.2,86956,"1,000,000+",Free,Mature 17+
pretty Easy privacy p?p,COMMUNICATION,3.7,21,500+,Paid,Everyone
ICQ ? Video Calls & Chat Messenger,COMMUNICATION,4.4,697939,"10,000,000+",Free,Everyone
"Join R, Community Engagement",SOCIAL,4.7,144,"1,000+",Free,Teen
AT&T Messages for Tablet,COMMUNICATION,3.3,3044,"1,000,000+",Free,Everyone
T-Mobile DIGITS,COMMUNICATION,3.0,1820,"100,000+",Free,Everyone
Portable Wi-Fi hotspot,COMMUNICATION,3.9,138129,"10,000,000+",Free,Everyone
AT&T Call Protect,COMMUNICATION,4.2,6454,"5,000,000+",Free,Everyone
U LIVE ? Video Chat & Stream,SOCIAL,4.5,67611,"1,000,000+",Free,Mature 17+
"U - Webinars, Meetings & Messenger",COMMUNICATION,4.1,6601,"500,000+",Free,Everyone
/u/app,COMMUNICATION,4.7,573,"10,000+",Free,Mature 17+
"See U - Random video chat, video chat",SOCIAL,4.1,568,"100,000+",Free,Mature 17+
[verify-U] VideoIdent,COMMUNICATION,2.9,83,"10,000+",Free,Everyone
What U See,SOCIAL,4.0,712,"100,000+",Free,Teen
U-Report,SOCIAL,4.3,241,"10,000+",Free,Teen
"Meet U - Get Friends for Snapchat, Kik & Instagram",SOCIAL,4.6,4435,"100,000+",Free,Mature 17+
VMate Lite - Funny Short Videos Social Network,SOCIAL,4.3,903,"1,000,000+",Free,Teen
V Bucks ProTips New,SOCIAL,4.7,594,"1,000+",Free,Everyone
W-History Standalone,SOCIAL,3.2,38,"1,000+",Paid,Everyone
WhatsCall Free Global Phone Call App & Cheap Calls,COMMUNICATION,4.6,1130966,"10,000,000+",Free,Everyone
X Browser,COMMUNICATION,4.0,142,"50,000+",Free,Everyone
Z PIVOT,COMMUNICATION,NaN,0,10+,Paid,Everyone
Free Adblocker Browser - Adblock & Popup Blocker,COMMUNICATION,4.4,152470,"10,000,000+",Free,Everyone
Adblock Browser for Android,COMMUNICATION,4.1,121113,"10,000,000+",Free,Everyone
Adblock Plus for Samsung Internet - Browse safe.,COMMUNICATION,4.0,8769,"1,000,000+",Free,Everyone
Ad Blocker Turbo - Adblocker Browser,COMMUNICATION,3.9,107,"10,000+",Free,Everyone
WhatsFake Pro (Ad free),SOCIAL,4.2,204,"5,000+",Paid,Everyone
Brave Browser: Fast AdBlocker,COMMUNICATION,4.3,40241,"5,000,000+",Free,Everyone
i-share AF/KLM (AFKL ishare),SOCIAL,NaN,2,100+,Free,Teen
"AG Contacts, Premium edition",COMMUNICATION,4.5,88,500+,Paid,Everyone
"AG Contacts, Lite edition",COMMUNICATION,4.5,185,"5,000+",Free,Everyone
Oklahoma Ag Co-op Council,COMMUNICATION,NaN,0,10+,Free,Everyone
Eternal Light AG,SOCIAL,5.0,30,100+,Free,Teen
Bee'ah Employee App,COMMUNICATION,4.0,4,100+,Free,Teen
Message AI - Write Better Messages (Free),SOCIAL,3.7,3,100+,Free,Everyone
Jamaa Amino for Animal Jam,SOCIAL,4.7,3873,"10,000+",Free,Teen
tournaments and more.aj.2,COMMUNICATION,NaN,0,100+,Free,Teen
Aj.Petra,COMMUNICATION,NaN,5,100+,Free,Everyone
AK Phone,COMMUNICATION,4.4,9,"5,000+",Free,Everyone
Ak Parti Yard?m Toplama,SOCIAL,NaN,0,0+,Paid,Teen
Legend - Animate Text in Video,SOCIAL,4.5,228737,"10,000,000+",Free,Everyone
PlacarTv Futebol Ao Vivo,COMMUNICATION,4.1,2063,"100,000+",Free,Everyone
GUYZ - Gay Chat & Gay Dating,SOCIAL,4.4,41269,"1,000,000+",Free,Mature 17+
WiFi Access Point (hotspot),COMMUNICATION,3.9,684,"100,000+",Free,Everyone
Access Point Names,COMMUNICATION,4.0,138,"10,000+",Free,Everyone
eChallan Andhra Pradesh (AP),SOCIAL,3.0,5,"1,000+",Free,Teen
ClanHQ,COMMUNICATION,2.7,560,"10,000+",Free,Everyone
Snaappy ? 3D fun AR core communication platform,SOCIAL,4.6,16801,"1,000,000+",Free,Everyone
Ear Agent: Super Hearing,COMMUNICATION,3.7,42329,"5,000,000+",Free,Everyone
Undertale AU Amino,SOCIAL,4.8,5369,"50,000+",Free,Teen
Au Pair,SOCIAL,3.6,58,"10,000+",Free,Everyone
AU Call Blocker - Block Unwanted Calls Texts 2018,COMMUNICATION,4.2,16,"1,000+",Free,Everyone
Media Sosial TNI AU,SOCIAL,NaN,88,"1,000+",Free,Everyone
Baby Monitor AV,COMMUNICATION,3.3,1434,"100,000+",Free,Everyone
AV Phone,COMMUNICATION,NaN,4,"1,000+",Free,Everyone
AW - free video calls and chat,COMMUNICATION,4.0,7317,"1,000,000+",Free,Teen
Katalogen.ax,COMMUNICATION,NaN,1,100+,Free,Everyone
AZ Browser. Private & Download,COMMUNICATION,4.4,1520,"100,000+",Free,Everyone
BA SALES,COMMUNICATION,NaN,0,1+,Free,Everyone
BA 3 Banjarmasin,SOCIAL,NaN,2,10+,Free,Teen
BD Data Plan (3G & 4G),COMMUNICATION,4.4,10341,"500,000+",Free,Everyone
BD Internet Packages (Updated),COMMUNICATION,4.0,474,"50,000+",Free,Everyone
iCard BD Plus,SOCIAL,5.0,2,500+,Free,Everyone
BD Dialer,COMMUNICATION,4.1,29,"10,000+",Free,Everyone
BD Live Call,COMMUNICATION,4.4,7,"5,000+",Free,Everyone
Best Browser BD social networking,COMMUNICATION,4.8,6,10+,Free,Everyone
Traffic signs BD,COMMUNICATION,4.4,7,500+,Free,Everyone
Movement BE,SOCIAL,5.0,20,100+,Free,Teen
YAY - TBH,SOCIAL,4.1,2520,"100,000+",Free,Teen
Find My Friends,SOCIAL,4.2,305367,"10,000,000+",Free,Everyone
BF Browser by Betfilter - Stop Gambling Today!,COMMUNICATION,3.0,39,"10,000+",Free,Everyone
My BF App,COMMUNICATION,4.1,141,"50,000+",Free,Everyone
BG LINKED (BGLINKED),SOCIAL,4.7,22,"1,000+",Free,Everyone
Zdravei.BG,SOCIAL,NaN,6,"1,000+",Free,Mature 17+
BGKontakti London BG Kontakti,SOCIAL,NaN,4,500+,Free,Everyone
BGKontakti Bayern BG Kontakti,SOCIAL,NaN,32,"1,000+",Free,Everyone
BGKontakti Vienna BG Kontakti,SOCIAL,4.8,111,"1,000+",Free,Everyone
Disc?pulos em BH,SOCIAL,NaN,24,100+,Free,Everyone
BH Mail,COMMUNICATION,3.4,7,"1,000+",Free,Everyone
BH Connect,SOCIAL,NaN,0,1+,Free,Teen
Gayvox - Gay Lesbian Bi Dating,SOCIAL,3.4,3640,"500,000+",Free,Mature 17+
Grindr - Gay chat,SOCIAL,3.6,284795,"10,000,000+",Free,Mature 17+
Lesbian Chat & Dating - SPICY,SOCIAL,4.5,63765,"1,000,000+",Free,Mature 17+
Zalo ? Video Call,COMMUNICATION,4.2,1042170,"50,000,000+",Free,Everyone
BJ - Confidential,COMMUNICATION,NaN,0,10+,Free,Teen
Alumni BJ,SOCIAL,NaN,2,100+,Free,Everyone
BK Chat,COMMUNICATION,NaN,6,"1,000+",Free,Teen
VK,SOCIAL,3.8,5793284,"100,000,000+",Free,Mature 17+
BK Traffic Control cum Chart,SOCIAL,4.7,549,"10,000+",Free,Teen
Daily Murli Saar Widget,SOCIAL,4.6,308,"10,000+",Free,Everyone
Of the wall Arapaho bk,COMMUNICATION,NaN,0,5+,Free,Everyone
AC-BL,COMMUNICATION,NaN,0,50+,Free,Everyone
Myjob@BM,SOCIAL,NaN,1,100+,Free,Teen
DMR BrandMeister Tool,COMMUNICATION,3.3,78,"10,000+",Free,Everyone
bm-Events,SOCIAL,NaN,0,10+,Free,Teen
BBMoji - Your personalized BBM Stickers,COMMUNICATION,4.3,8827,"1,000,000+",Free,Everyone
BN MALLORCA Radio,COMMUNICATION,NaN,23,"1,000+",Free,Everyone
BOO! - Next Generation Messenger,SOCIAL,3.5,20675,"1,000,000+",Free,Teen
Wishbone - Compare Anything,SOCIAL,4.3,51569,"1,000,000+",Free,Teen
BQ Partners,COMMUNICATION,NaN,0,"1,000+",Free,Everyone
BR Chat Bot,SOCIAL,1.9,16,"1,000+",Free,Everyone
Br Browser,SOCIAL,4.9,29,500+,Free,Everyone
Dr B R Ambedkar (Jai Bhim),SOCIAL,4.7,2068,"100,000+",Free,Everyone
Dr. B.R.Ambedkar,SOCIAL,4.8,1902,"100,000+",Free,Everyone
BS-Mobile,COMMUNICATION,5.0,1,50+,Free,Everyone
ATC Unico BS,COMMUNICATION,NaN,10,500+,Free,Everyone
Black Social,SOCIAL,4.6,22,"1,000+",Free,Teen
BT One Voice mobile access,COMMUNICATION,4.0,32,"5,000+",Free,Everyone
BT Communicator,SOCIAL,3.8,32,"10,000+",Free,Teen
BT Messenger,COMMUNICATION,3.9,97,"50,000+",Free,Everyone
BT One Phone Mobile App,COMMUNICATION,3.5,33,"10,000+",Free,Everyone
SW-100.tch by Callstel,COMMUNICATION,4.0,1926,"1,000,000+",Free,Everyone
BT MeetMe with Dolby Voice,COMMUNICATION,3.6,437,"100,000+",Free,Everyone
Bluetooth Auto Connect,COMMUNICATION,3.9,20829,"5,000,000+",Free,Everyone
"BT Dating -Find your match, help cupid, be social",SOCIAL,4.1,158,"50,000+",Free,Mature 17+
AudioBT: BT audio GPS/SMS/Text,COMMUNICATION,3.4,198,"50,000+",Free,Everyone
BV,COMMUNICATION,5.0,3,100+,Free,Everyone
Feel Performer,COMMUNICATION,2.2,62,"10,000+",Free,Everyone
Tiny Call Confirm,COMMUNICATION,4.1,22782,"1,000,000+",Free,Everyone
"Fiesta by Tango - Find, Meet and Make New Friends",SOCIAL,4.3,112223,"1,000,000+",Free,Mature 17+
Evasion.bz,SOCIAL,4.1,8,100+,Free,Teen
CB Radio Chat - for friends!,COMMUNICATION,4.0,17998,"1,000,000+",Free,Teen
CB On Mobile,COMMUNICATION,4.1,901,"100,000+",Free,Teen
Virtual Walkie Talkie,COMMUNICATION,3.8,21785,"1,000,000+",Free,Everyone
Channel 19,COMMUNICATION,3.7,916,"100,000+",Free,Mature 17+
Cb browser,COMMUNICATION,5.0,5,50+,Free,Everyone
CB Heroes,SOCIAL,5.0,5,5+,Free,Everyone
CF Chat: Connecting Friends,COMMUNICATION,3.4,5,100+,Free,Teen
CG Districts,SOCIAL,3.8,14,"1,000+",Free,Everyone
Digi-TV.ch,SOCIAL,NaN,62,"10,000+",Free,Teen
retteMi.ch,COMMUNICATION,NaN,31,"5,000+",Free,Everyone
Threema,COMMUNICATION,4.5,51110,"1,000,000+",Paid,Everyone
Students.ch,SOCIAL,NaN,5,"1,000+",Free,Teen
CJ Gospel Hour,SOCIAL,5.0,7,100+,Free,Everyone
CJ Browser - Fast & Private,COMMUNICATION,4.2,5,100+,Free,Everyone
CJ DVD Rentals,COMMUNICATION,1.0,5,100+,Free,Everyone
Pekalongan CJ,SOCIAL,NaN,0,0+,Free,Teen
CK Call NEW,COMMUNICATION,NaN,0,10+,Free,Everyone
FREE CHATS C.L.,COMMUNICATION,NaN,4,10+,Paid,Mature 17+
CM Transfer - Share any files with friends nearby,COMMUNICATION,4.6,71740,"5,000,000+",Free,Everyone
mail.co.uk Mail,COMMUNICATION,4.2,21,"5,000+",Free,Everyone
Hashtags For Likes.co,SOCIAL,4.3,420,"50,000+",Free,Everyone
CP Dialer,SOCIAL,4.3,64,"50,000+",Free,Teen
ClanPlay: Community and Tools for Gamers,COMMUNICATION,4.8,34443,"1,000,000+",Free,Teen
C.P. CERVANTES (TOBARRA),SOCIAL,NaN,0,5+,Free,Everyone
CQ-Mobile,COMMUNICATION,NaN,10,"1,000+",Free,Everyone
CQ-Alert,COMMUNICATION,NaN,3,500+,Free,Everyone
QRZ Assistant,COMMUNICATION,4.2,1044,"100,000+",Free,Everyone
Pocket Prefix Plus,COMMUNICATION,4.5,192,"10,000+",Free,Everyone
10 WPM Amateur ham radio CW Morse code trainer,COMMUNICATION,3.5,10,100+,Paid,Everyone
Ham Radio Prefixes,COMMUNICATION,3.7,218,"10,000+",Free,Everyone
CS Customizer,COMMUNICATION,3.7,25,"1,000+",Free,Everyone
CS Browser | #1 & BEST BROWSER,COMMUNICATION,3.8,52,"1,000+",Free,Everyone
CS Browser Beta,COMMUNICATION,4.3,125,"5,000+",Free,Everyone
My Vodafone (GR),COMMUNICATION,3.8,12667,"1,000,000+",Free,Everyone
CV-RECORD Pro,COMMUNICATION,2.3,42,"1,000+",Paid,Everyone
2 Amateur ham radio CW Morse code practice keys TX,COMMUNICATION,4.8,6,100+,Paid,Everyone
CW Beacon for Ham Radio,COMMUNICATION,4.8,10,100+,Paid,Everyone
IZ2UUF Morse Koch CW,COMMUNICATION,4.6,649,"50,000+",Free,Everyone
Morse Decoder for Ham Radio,COMMUNICATION,3.7,166,"5,000+",Paid,Everyone
C W Browser,COMMUNICATION,4.4,14,100+,Free,Everyone
CW Studio ?,COMMUNICATION,3.8,9,100+,Paid,Everyone
20WPM Amateur ham radio Koch CW Morse code trainer,COMMUNICATION,4.3,12,100+,Paid,Everyone
CW Bluetooth SPP,COMMUNICATION,NaN,3,100+,Free,Everyone
Morse Trainer for Ham Radio,COMMUNICATION,4.6,265,"10,000+",Paid,Everyone
CW BLE Peripheral Simulator,COMMUNICATION,NaN,2,500+,Free,Everyone
Morse Machine for Ham Radio,COMMUNICATION,4.8,341,"5,000+",Paid,Everyone
CW Ringtone (Morse Code generator),COMMUNICATION,NaN,0,10+,Paid,Everyone
Koch Morse Trainer Pro,COMMUNICATION,4.6,94,"1,000+",Paid,Everyone
Morse Code Reader,COMMUNICATION,3.9,1436,"100,000+",Free,Everyone
Learn Morse Code - G0HYN Learn Morse,COMMUNICATION,4.0,27,"5,000+",Free,Everyone
Ring,COMMUNICATION,3.9,517,"10,000+",Free,Everyone
Hyundai CX Conference,COMMUNICATION,NaN,0,50+,Free,Everyone
Cy Messenger,COMMUNICATION,4.5,4,100+,Free,Everyone
Amadeus GR & CY,COMMUNICATION,NaN,4,100+,Free,Everyone
Cyprus Police,SOCIAL,4.2,226,"10,000+",Free,Everyone 10+
Rande.cz,SOCIAL,3.2,398,"50,000+",Free,Mature 17+
Hl??en?rozhlasu.cz,COMMUNICATION,NaN,0,10+,Free,Everyone
sign?ly.cz,SOCIAL,NaN,38,"1,000+",Free,Everyone
SMS Sender - sluzba.cz,COMMUNICATION,NaN,12,"1,000+",Free,Everyone
DB Event App,SOCIAL,2.4,37,"5,000+",Free,Teen
DC Comics Amino,SOCIAL,4.9,117,"1,000+",Free,Teen
WEB.DE Mail,COMMUNICATION,4.3,226541,"10,000,000+",Free,Everyone
Your Freedom VPN Client,COMMUNICATION,4.0,74497,"5,000,000+",Free,Everyone
DF BugMeNot,SOCIAL,NaN,7,500+,Free,Teen
Noticias DF,SOCIAL,NaN,2,"1,000+",Free,Everyone
R?dio Sol Nascente DF,COMMUNICATION,NaN,12,500+,Free,Everyone
DG Card,COMMUNICATION,NaN,0,100+,Free,Everyone
Daddyhunt: Gay Dating,SOCIAL,3.9,6450,"500,000+",Free,Mature 17+
HOLLA Live: Meet New People via Random Video Chat,SOCIAL,4.6,216513,"5,000,000+",Free,Mature 17+
Dating.dk,SOCIAL,3.7,2111,"100,000+",Free,Mature 17+
DK Browser,COMMUNICATION,4.0,1,10+,Free,Everyone
cluster.dk,COMMUNICATION,NaN,49,"1,000+",Free,Everyone
DK Murali,SOCIAL,4.8,65,500+,Free,Teen
DK TEL Dialer,COMMUNICATION,NaN,0,50+,Free,Everyone
GirlTalk.dk,SOCIAL,4.3,3,100+,Free,Teen
+Download 4 Instagram Twitter,SOCIAL,4.5,40467,"1,000,000+",Free,Everyone
DM Me - Chat,SOCIAL,2.9,90,"10,000+",Free,Mature 17+
DM for IG ?? - Image & Video Saver for Instagram,SOCIAL,3.7,55,"5,000+",Free,Teen
DM for WhatsApp,COMMUNICATION,4.4,25,"5,000+",Free,Everyone
DM Talk New,COMMUNICATION,NaN,3,"5,000+",Free,Everyone
Auto DM for Twitter ??,SOCIAL,3.4,44,"1,000+",Free,Teen
DM - The Offical Messaging App,COMMUNICATION,NaN,0,10+,Free,Teen
DM Storage (for twitter),SOCIAL,3.2,6,100+,Free,Everyone
DM Tracker,COMMUNICATION,3.5,11,"1,000+",Free,Everyone
Fake Chat (Direct Message),SOCIAL,4.4,5985,"500,000+",Free,Everyone
Otto DM,SOCIAL,NaN,0,10+,Free,Teen
DN Blog,SOCIAL,5.0,20,10+,Free,Teen
DP and Status for WhatsApp 2018,SOCIAL,4.5,787,"100,000+",Free,Everyone
Dp For Whatsapp,SOCIAL,4.3,39,"5,000+",Free,Everyone
Profile Pictures and DP for Whatsapp,SOCIAL,4.3,48,"5,000+",Free,Everyone
Dp for Facebook,SOCIAL,4.1,56,"5,000+",Free,Everyone
Best DP and Status,SOCIAL,4.2,93,"10,000+",Free,Teen
Instant DP Downloader for Instagram,SOCIAL,4.7,38,"5,000+",Free,Everyone
DP Display Pictures Life Quotes Motivational GM,SOCIAL,4.4,39,"5,000+",Free,Everyone
Qeek for Instagram - Zoom profile insta DP,SOCIAL,4.6,12111,"500,000+",Free,Everyone
Call Blocker & Blacklist,COMMUNICATION,4.0,6,"1,000+",Free,Everyone
ReadyOp DT,COMMUNICATION,4.6,8,"1,000+",Free,Everyone
Caller ID & Call Block - DU Caller,COMMUNICATION,4.6,93930,"5,000,000+",Free,Everyone
DV Statistics,SOCIAL,4.2,6,100+,Free,Everyone
BlueDV AMBE,COMMUNICATION,NaN,0,"1,000+",Free,Everyone
DW Contacts & Phone & Dialer,COMMUNICATION,4.3,21186,"1,000,000+",Free,Everyone
Deaf World DW,COMMUNICATION,4.3,298,"10,000+",Free,Teen
DW Streaming,SOCIAL,NaN,0,"1,000+",Free,Everyone
Ham DX Cluster & Spots Finder,COMMUNICATION,4.5,115,"5,000+",Free,Everyone
Mircules DX Cluster Lite,COMMUNICATION,4.5,51,"5,000+",Free,Everyone
iCluster - The DX-Cluster database,COMMUNICATION,NaN,0,10+,Paid,Everyone
3G DZ Configuration,COMMUNICATION,4.3,488,"50,000+",Free,Everyone
News Dz,SOCIAL,NaN,3,10+,Free,Everyone
chat dz,COMMUNICATION,5.0,8,100+,Free,Teen
love sms good morning,COMMUNICATION,4.2,10,"5,000+",Free,Everyone
quran-DZ,SOCIAL,NaN,0,10+,Free,Teen
TN e Sevai TN EB Bill Patta Citta EC Birth All Hub,SOCIAL,3.7,23,"5,000+",Free,Everyone
TNEB Bill Online Payment (Tamil),SOCIAL,NaN,7,"5,000+",Free,Teen
UP EB Bill Payment & Details,SOCIAL,5.0,3,50+,Free,Teen
Goodbox - Mega App,COMMUNICATION,4.3,3429,"100,000+",Free,Everyone
"Call Blocker - Blacklist, SMS Blocker",COMMUNICATION,4.2,30350,"1,000,000+",Free,Everyone
TN EC Online New,SOCIAL,NaN,7,"1,000+",Free,Teen
TN Patta /Chitta /EC New,SOCIAL,4.8,5,100+,Free,Teen
[EF]ShoutBox,COMMUNICATION,NaN,3,100+,Free,Teen
EG Way Life,SOCIAL,NaN,0,50+,Free,Everyone
Eg Call,COMMUNICATION,4.2,91,"10,000+",Free,Everyone
Equestria Amino for MLP,SOCIAL,4.8,8369,"50,000+",Free,Teen
ei,COMMUNICATION,NaN,2,10+,Free,Teen
EJ messenger,COMMUNICATION,5.0,1,10+,Free,Teen
WiFi Tether Router,COMMUNICATION,4.2,5599,"100,000+",Paid,Everyone
Ek Maratha,SOCIAL,4.8,725,"10,000+",Free,Teen
Hum Ek Hain 2.02,SOCIAL,5.0,2,10+,Free,Teen
Ek IRA,COMMUNICATION,NaN,0,10+,Free,Everyone
Sabka Malik Ek Sai,SOCIAL,4.2,17,"1,000+",Free,Teen
Orfox: Tor Browser for Android,COMMUNICATION,4.2,44233,"10,000,000+",Free,Everyone
EO Mumbai,COMMUNICATION,NaN,0,10+,Free,Everyone
EO RAIPUR,SOCIAL,NaN,1,10+,Free,Teen
EP RSS Reader,COMMUNICATION,3.8,4,100+,Free,Everyone
Voxer Walkie Talkie Messenger,COMMUNICATION,4.3,230564,"10,000,000+",Free,Everyone
ES-1,COMMUNICATION,NaN,6,500+,Free,Everyone
Anime et Manga Amino en Fran?ais,SOCIAL,4.8,3782,"50,000+",Free,Teen
Hornet - Gay Social Network,SOCIAL,4.0,163679,"5,000,000+",Free,Mature 17+
EU Council,COMMUNICATION,NaN,7,"1,000+",Free,Everyone
Council Voting Calculator,COMMUNICATION,3.9,33,"5,000+",Free,Everyone
European Solidarity Corps,SOCIAL,3.6,9,"1,000+",Free,Teen
Have your say on Europe,COMMUNICATION,3.8,19,500+,Free,Everyone
Programi podr?ke EU,COMMUNICATION,NaN,0,100+,Free,Everyone
Inbox.eu,COMMUNICATION,3.7,98,"10,000+",Free,Everyone
Reisedealz.eu,SOCIAL,NaN,0,10+,Free,Everyone
Eddsworld Amino,SOCIAL,4.9,3071,"10,000+",Free,Teen
Remote EX for NISSAN,COMMUNICATION,2.3,223,"5,000+",Paid,Everyone
Rejoin Your Ex,SOCIAL,NaN,0,100+,Free,Everyone
ExDialer PRO Key,COMMUNICATION,4.5,5474,"100,000+",Paid,Everyone
Amleen Ey,SOCIAL,NaN,0,1+,Free,Everyone
Coupe Adh?mar EY 2017,SOCIAL,NaN,6,50+,Free,Teen
?????EY,COMMUNICATION,NaN,239,"10,000+",Free,Everyone
Everbridge,COMMUNICATION,3.1,497,"100,000+",Free,Everyone
Best Auto Call Recorder Free,COMMUNICATION,3.7,7,500+,Free,Everyone
EZ Video Download for Facebook,SOCIAL,4.1,34079,"1,000,000+",Free,Teen
EZ Wifi Notification,COMMUNICATION,4.3,260,"10,000+",Free,Everyone
Test Server SMS FA,COMMUNICATION,NaN,0,5+,Free,Everyone
Messenger Messenger,SOCIAL,4.3,38826,"10,000,000+",Free,Everyone
Facebook Creator,SOCIAL,4.2,3895,"1,000,000+",Free,Teen
Swift for Facebook Lite,SOCIAL,4.3,9562,"500,000+",Free,Teen
Friendly for Facebook,SOCIAL,4.5,42621,"1,000,000+",Free,Teen
Faster for Facebook Lite,SOCIAL,4.3,24456,"1,000,000+",Free,Teen
Puffin for Facebook,SOCIAL,4.0,10743,"500,000+",Free,Teen
Lite for Facebook Messenger,COMMUNICATION,4.3,76498,"1,000,000+",Free,Teen
Profile Tracker - Who Viewed My Facebook Profile,SOCIAL,4.7,37090,"500,000+",Free,Teen
Pink Color for Facebook,SOCIAL,4.1,5285,"500,000+",Free,Everyone
Messenger,SOCIAL,4.1,68025,"10,000,000+",Free,Everyone
"Stickers for Imo, fb, whatsapp",SOCIAL,4.4,214,"10,000+",Free,Teen
Downloader plus for FB,SOCIAL,NaN,4,500+,Free,Everyone
MB Notifications for FB (Free),SOCIAL,3.9,3047,"100,000+",Free,Teen
Phoenix - Facebook & Messenger,SOCIAL,4.3,9606,"100,000+",Free,Teen
Faster Social for Facebook,SOCIAL,4.2,1236,"100,000+",Free,Teen
Check Your Visitors on FB ?,SOCIAL,3.6,40,"5,000+",Free,Everyone
Stickers for Facebook,SOCIAL,4.3,11066,"1,000,000+",Free,Everyone
Lite Messenger for Facebook Lite,SOCIAL,3.8,108,"10,000+",Free,Teen
Mini for Facebook lite,SOCIAL,4.1,260,"10,000+",Free,Teen
FB Advanced Search,SOCIAL,NaN,2,50+,Free,Teen
funny Image Comments for FB,SOCIAL,3.9,19,"5,000+",Free,Teen
"Unlimited Group Links - Whatsapp, FB, Telegram",SOCIAL,3.4,44,"10,000+",Free,Mature 17+
FCB Connect - FC Barcelona,SOCIAL,4.5,795,"50,000+",Free,Teen
FC Browser - Focus Privacy Browser,COMMUNICATION,4.1,26,"1,000+",Free,Everyone
Frases Cristianas de Esperanza y Fe,SOCIAL,NaN,2,100+,Free,Everyone
EHiN-FH conferenceapp,COMMUNICATION,NaN,5,100+,Free,Everyone
Carpooling FH Hagenberg,COMMUNICATION,NaN,0,100+,Free,Everyone
Wi-Fi Auto-connect,COMMUNICATION,3.8,15036,"1,000,000+",Free,Everyone
Smart Wi-Fi Hotspot PRO,COMMUNICATION,3.7,197,"10,000+",Paid,Everyone
"Talkie - Wi-Fi Calling, Chats, File Sharing",COMMUNICATION,4.2,4838,"500,000+",Free,Everyone
Portable Wi-Fi hotspot Premium,COMMUNICATION,3.7,481,"10,000+",Paid,Everyone
WeFi - Free Fast WiFi Connect & Find Wi-Fi Map,COMMUNICATION,4.0,13469,"1,000,000+",Free,Everyone
"Talkie Pro - Wi-Fi Calling, Chats, File Sharing",COMMUNICATION,4.5,201,"1,000+",Paid,Everyone
Sat-Fi,COMMUNICATION,3.6,97,"5,000+",Free,Everyone
Portable Wi-Fi hotspot Free,COMMUNICATION,4.0,1711,"100,000+",Free,Everyone
TownWiFi | Wi-Fi Everywhere,COMMUNICATION,3.9,2372,"500,000+",Free,Everyone
Jazz Wi-Fi,COMMUNICATION,3.4,49,"10,000+",Free,Everyone
Sat-Fi Voice,COMMUNICATION,3.4,37,"1,000+",Free,Everyone
Free Wi-fi HotspoT,COMMUNICATION,4.1,382,"50,000+",Free,Everyone
FutureNet your social app,SOCIAL,4.2,2093,"100,000+",Free,Teen
FN Web Radio,COMMUNICATION,NaN,0,10+,Free,Everyone
FNH Payment Info,COMMUNICATION,NaN,0,10+,Free,Everyone
Alarm.fo ? choose your info,SOCIAL,4.4,19,"1,000+",Free,Everyone
MARKET FO,COMMUNICATION,NaN,0,100+,Free,Everyone
FO OP St-Nazaire,COMMUNICATION,NaN,1,100+,Free,Everyone
FO SODEXO,COMMUNICATION,NaN,0,100+,Free,Everyone
FO RCBT,COMMUNICATION,NaN,5,100+,Free,Everyone
FO Interim,COMMUNICATION,NaN,1,100+,Free,Everyone
FO PSA Sept-Fons,COMMUNICATION,NaN,2,100+,Free,Everyone
FO AIRBUS TLSE,COMMUNICATION,NaN,4,"1,000+",Free,Everyone
FO STELIA M?aulte,COMMUNICATION,NaN,2,100+,Free,Everyone
FO AIRBUS Nantes,COMMUNICATION,NaN,0,100+,Free,Everyone
FunForMobile Ringtones & Chat,SOCIAL,4.4,68358,"5,000,000+",Free,Mature 17+
FP Connect,COMMUNICATION,NaN,0,100+,Free,Teen
FreedomPop Messaging Phone/SIM,COMMUNICATION,3.6,9894,"500,000+",Free,Everyone
FP Live,COMMUNICATION,NaN,0,10+,Free,Teen
Chat For Strangers - Video Chat,SOCIAL,3.4,622,"100,000+",Free,Mature 17+
HipChat - beta version,COMMUNICATION,4.1,1035,"50,000+",Free,Everyone
Fr Daoud Lamei,SOCIAL,4.7,2036,"100,000+",Free,Everyone
Naruto & Boruto FR,SOCIAL,NaN,7,100+,Free,Teen
Frim: get new friends on local chat rooms,SOCIAL,4.0,88486,"5,000,000+",Free,Mature 17+
